[
  {
    "id": "job-1",
    "title": "Senior Frontend Developer",
    "slug": "senior-frontend-developer",
    "description": "We're looking for an experienced Frontend Developer to join our engineering team.",
    "status": "active",
    "tags": ["React", "TypeScript", "Remote"],
    "location": "San Francisco, CA",
    "type": "Full-time",
    "department": "Engineering",
    "createdAt": "2024-01-15T10:00:00Z",
    "updatedAt": "2024-01-15T10:00:00Z",
    "order": 0
  },
  {
    "id": "job-2",
    "title": "Product Manager",
    "slug": "product-manager",
    "description": "Lead product strategy and roadmap for our core platform.",
    "status": "active",
    "tags": ["Product", "Strategy", "B2B"],
    "location": "New York, NY",
    "type": "Full-time",
    "department": "Product",
    "createdAt": "2024-01-14T09:00:00Z",
    "updatedAt": "2024-01-14T09:00:00Z",
    "order": 1
  },
  {
    "id": "job-3",
    "title": "UX Designer",
    "slug": "ux-designer",
    "description": "Create intuitive and beautiful user experiences for our platform.",
    "status": "draft",
    "tags": ["Design", "UX", "Figma"],
    "location": "Remote",
    "type": "Full-time",
    "department": "Design",
    "createdAt": "2024-01-13T08:00:00Z",
    "updatedAt": "2024-01-13T08:00:00Z",
    "order": 2
  },
  {
    "id": "job-4",
    "title": "Backend Engineer",
    "slug": "backend-engineer",
    "description": "Build scalable backend systems and APIs for our growing platform.",
    "status": "active",
    "tags": ["Node.js", "Python", "AWS"],
    "location": "Austin, TX",
    "type": "Full-time",
    "department": "Engineering",
    "createdAt": "2024-01-12T07:00:00Z",
    "updatedAt": "2024-01-12T07:00:00Z",
    "order": 3
  },
  {
    "id": "job-5",
    "title": "Data Scientist",
    "slug": "data-scientist",
    "description": "Analyze user behavior and build ML models to improve our product.",
    "status": "archived",
    "tags": ["Python", "ML", "Analytics"],
    "location": "Seattle, WA",
    "type": "Full-time",
    "department": "Data",
    "createdAt": "2024-01-11T06:00:00Z",
    "updatedAt": "2024-01-11T06:00:00Z",
    "order": 4
  },
  {
    "id": "job-6",
    "title": "QA Engineer",
    "slug": "qa-engineer",
    "description": "Ensure the quality of our software products through testing.",
    "status": "active",
    "tags": ["QA", "Testing", "Automation"],
    "location": "Denver, CO",
    "type": "Full-time",
    "department": "Quality Assurance",
    "createdAt": "2024-01-10T05:00:00Z",
    "updatedAt": "2024-01-10T05:00:00Z",
    "order": 5
  },
  {
    "id": "job-7",
    "title": "DevOps Engineer",
    "slug": "devops-engineer",
    "description": "Automate and streamline our infrastructure and deployment.",
    "status": "active",
    "tags": ["DevOps", "CI/CD", "Cloud"],
    "location": "Remote",
    "type": "Full-time",
    "department": "Engineering",
    "createdAt": "2024-01-09T04:00:00Z",
    "updatedAt": "2024-01-09T04:00:00Z",
    "order": 6
  },
  {
    "id": "job-8",
    "title": "Marketing Specialist",
    "slug": "marketing-specialist",
    "description": "Drive marketing campaigns and brand awareness.",
    "status": "active",
    "tags": ["Marketing", "SEO", "Content"],
    "location": "Chicago, IL",
    "type": "Full-time",
    "department": "Marketing",
    "createdAt": "2024-01-08T03:00:00Z",
    "updatedAt": "2024-01-08T03:00:00Z",
    "order": 7
  },
  {
    "id": "job-9",
    "title": "Customer Success Manager",
    "slug": "customer-success-manager",
    "description": "Support and grow our customer relationships.",
    "status": "active",
    "tags": ["Customer Success", "Support", "CRM"],
    "location": "Boston, MA",
    "type": "Full-time",
    "department": "Customer Success",
    "createdAt": "2024-01-07T02:00:00Z",
    "updatedAt": "2024-01-07T02:00:00Z",
    "order": 8
  },
  {
    "id": "job-10",
    "title": "HR Coordinator",
    "slug": "hr-coordinator",
    "description": "Coordinate HR processes and employee engagement.",
    "status": "active",
    "tags": ["HR", "Recruitment", "Onboarding"],
    "location": "Los Angeles, CA",
    "type": "Full-time",
    "department": "Human Resources",
    "createdAt": "2024-01-06T01:00:00Z",
    "updatedAt": "2024-01-06T01:00:00Z",
    "order": 9
  },
  {
    "id": "job-11",
    "title": "Content Writer",
    "slug": "content-writer",
    "description": "Create engaging content for our platforms.",
    "status": "active",
    "tags": ["Writing", "Content", "SEO"],
    "location": "Remote",
    "type": "Part-time",
    "department": "Marketing",
    "createdAt": "2024-01-05T12:00:00Z",
    "updatedAt": "2024-01-05T12:00:00Z",
    "order": 10
  },
  {
    "id": "job-12",
    "title": "Sales Executive",
    "slug": "sales-executive",
    "description": "Drive sales and business development efforts.",
    "status": "active",
    "tags": ["Sales", "B2B", "CRM"],
    "location": "Dallas, TX",
    "type": "Full-time",
    "department": "Sales",
    "createdAt": "2024-01-04T11:00:00Z",
    "updatedAt": "2024-01-04T11:00:00Z",
    "order": 11
  },
  {
    "id": "job-13",
    "title": "Mobile App Developer",
    "slug": "mobile-app-developer",
    "description": "Develop and maintain mobile applications.",
    "status": "active",
    "tags": ["Mobile", "iOS", "Android"],
    "location": "Remote",
    "type": "Full-time",
    "department": "Engineering",
    "createdAt": "2024-01-03T10:00:00Z",
    "updatedAt": "2024-01-03T10:00:00Z",
    "order": 12
  },
  {
    "id": "job-14",
    "title": "Graphic Designer",
    "slug": "graphic-designer",
    "description": "Design graphics and visual assets for our brand.",
    "status": "active",
    "tags": ["Design", "Graphics", "Adobe"],
    "location": "Miami, FL",
    "type": "Part-time",
    "department": "Design",
    "createdAt": "2024-01-02T09:00:00Z",
    "updatedAt": "2024-01-02T09:00:00Z",
    "order": 13
  },
  {
    "id": "job-15",
    "title": "Business Analyst",
    "slug": "business-analyst",
    "description": "Analyze business processes and recommend improvements.",
    "status": "active",
    "tags": ["Business", "Analysis", "Strategy"],
    "location": "Atlanta, GA",
    "type": "Full-time",
    "department": "Business",
    "createdAt": "2024-01-01T08:00:00Z",
    "updatedAt": "2024-01-01T08:00:00Z",
    "order": 14
  },
  {
    "id": "job-16",
    "title": "IT Support Specialist",
    "slug": "it-support-specialist",
    "description": "Provide IT support to staff and troubleshoot issues.",
    "status": "active",
    "tags": ["IT", "Support", "Helpdesk"],
    "location": "Remote",
    "type": "Full-time",
    "department": "IT",
    "createdAt": "2023-12-31T07:00:00Z",
    "updatedAt": "2023-12-31T07:00:00Z",
    "order": 15
  },
  {
    "id": "job-17",
    "title": "Finance Manager",
    "slug": "finance-manager",
    "description": "Manage company finances and budgeting.",
    "status": "active",
    "tags": ["Finance", "Budgeting", "Accounting"],
    "location": "San Diego, CA",
    "type": "Full-time",
    "department": "Finance",
    "createdAt": "2023-12-30T06:00:00Z",
    "updatedAt": "2023-12-30T06:00:00Z",
    "order": 16
  },
  {
    "id": "job-18",
    "title": "Recruiter",
    "slug": "recruiter",
    "description": "Source and recruit top talent for our teams.",
    "status": "active",
    "tags": ["Recruitment", "HR", "Talent"],
    "location": "Remote",
    "type": "Full-time",
    "department": "Human Resources",
    "createdAt": "2023-12-29T05:00:00Z",
    "updatedAt": "2023-12-29T05:00:00Z",
    "order": 17
  },
  {
    "id": "job-19",
    "title": "Office Manager",
    "slug": "office-manager",
    "description": "Oversee office operations and administration.",
    "status": "active",
    "tags": ["Office", "Administration", "Management"],
    "location": "Portland, OR",
    "type": "Full-time",
    "department": "Administration",
    "createdAt": "2023-12-28T04:00:00Z",
    "updatedAt": "2023-12-28T04:00:00Z",
    "order": 18
  },
  {
    "id": "job-20",
    "title": "Legal Counsel",
    "slug": "legal-counsel",
    "description": "Provide legal advice and support to the company.",
    "status": "active",
    "tags": ["Legal", "Compliance", "Contracts"],
    "location": "Remote",
    "type": "Full-time",
    "department": "Legal",
    "createdAt": "2023-12-27T03:00:00Z",
    "updatedAt": "2023-12-27T03:00:00Z",
    "order": 19
  },
  {
    "id": "job-21",
    "title": "Operations Lead",
    "slug": "operations-lead",
    "description": "Lead daily operations and process improvements.",
    "status": "active",
    "tags": ["Operations", "Leadership", "Process"],
    "location": "Houston, TX",
    "type": "Full-time",
    "department": "Operations",
    "createdAt": "2023-12-26T02:00:00Z",
    "updatedAt": "2023-12-26T02:00:00Z",
    "order": 20
  },
  {
    "id": "job-22",
    "title": "PR Specialist",
    "slug": "pr-specialist",
    "description": "Manage public relations and media communications.",
    "status": "active",
    "tags": ["PR", "Media", "Communications"],
    "location": "Remote",
    "type": "Full-time",
    "department": "Marketing",
    "createdAt": "2023-12-25T01:00:00Z",
    "updatedAt": "2023-12-25T01:00:00Z",
    "order": 21
  },
  {
    "id": "job-23",
    "title": "Data Engineer",
    "slug": "data-engineer",
    "description": "Build and maintain data pipelines and infrastructure.",
    "status": "active",
    "tags": ["Data", "ETL", "Python"],
    "location": "San Jose, CA",
    "type": "Full-time",
    "department": "Data",
    "createdAt": "2023-12-24T12:00:00Z",
    "updatedAt": "2023-12-24T12:00:00Z",
    "order": 22
  },
  {
    "id": "job-24",
    "title": "Security Analyst",
    "slug": "security-analyst",
    "description": "Monitor and improve security across our systems.",
    "status": "active",
    "tags": ["Security", "Analysis", "Risk"],
    "location": "Remote",
    "type": "Full-time",
    "department": "Security",
    "createdAt": "2023-12-23T11:00:00Z",
    "updatedAt": "2023-12-23T11:00:00Z",
    "order": 23
  },
  {
    "id": "job-25",
    "title": "Project Manager",
    "slug": "project-manager",
    "description": "Manage projects and coordinate teams.",
    "status": "active",
    "tags": ["Project Management", "Agile", "Scrum"],
    "location": "Remote",
    "type": "Full-time",
    "department": "Project Management",
    "createdAt": "2023-12-22T10:00:00Z",
    "updatedAt": "2023-12-22T10:00:00Z",
    "order": 24
  },
  {
    "id": "job-26",
    "title": "Accountant",
    "slug": "accountant",
    "description": "Handle company accounts and financial records.",
    "status": "active",
    "tags": ["Accounting", "Finance", "Tax"],
    "location": "Phoenix, AZ",
    "type": "Full-time",
    "department": "Finance",
    "createdAt": "2023-12-21T09:00:00Z",
    "updatedAt": "2023-12-21T09:00:00Z",
    "order": 25
  },
  {
    "id": "job-27",
    "title": "Social Media Manager",
    "slug": "social-media-manager",
    "description": "Manage and grow our social media presence.",
    "status": "active",
    "tags": ["Social Media", "Marketing", "Content"],
    "location": "Remote",
    "type": "Full-time",
    "department": "Marketing",
    "createdAt": "2023-12-20T08:00:00Z",
    "updatedAt": "2023-12-20T08:00:00Z",
    "order": 26
  },
  {
    "id": "job-28",
    "title": "Executive Assistant",
    "slug": "executive-assistant",
    "description": "Assist executives with daily tasks and scheduling.",
    "status": "active",
    "tags": ["Assistant", "Executive", "Scheduling"],
    "location": "Remote",
    "type": "Full-time",
    "department": "Administration",
    "createdAt": "2023-12-19T07:00:00Z",
    "updatedAt": "2023-12-19T07:00:00Z",
    "order": 27
  },
  {
    "id": "job-29",
    "title": "Research Scientist",
    "slug": "research-scientist",
    "description": "Conduct research and experiments for product innovation.",
    "status": "active",
    "tags": ["Research", "Science", "Innovation"],
    "location": "Remote",
    "type": "Full-time",
    "department": "Research",
    "createdAt": "2023-12-18T06:00:00Z",
    "updatedAt": "2023-12-18T06:00:00Z",
    "order": 28
  },
  {
    "id": "job-30",
    "title": "Logistics Coordinator",
    "slug": "logistics-coordinator",
    "description": "Coordinate logistics and supply chain operations.",
    "status": "active",
    "tags": ["Logistics", "Supply Chain", "Operations"],
    "location": "Memphis, TN",
    "type": "Full-time",
    "department": "Logistics",
    "createdAt": "2023-12-17T05:00:00Z",
    "updatedAt": "2023-12-17T05:00:00Z",
    "order": 29
  }
]